                  epoch,         train/box_loss,         train/cls_loss,         train/dfl_loss,   metrics/precision(B),      metrics/recall(B),       metrics/mAP50(B),    metrics/mAP50-95(B),           val/box_loss,           val/cls_loss,           val/dfl_loss,                 lr/pg0,                 lr/pg1,                 lr/pg2
                      0,                 1.5279,                 1.8215,                0.95781,                0.91462,                0.79221,                0.86609,                0.59413,                 1.2949,                0.98847,                 1.0714,               0.070127,              0.0033192,              0.0033192
                      1,                 1.4407,                0.90215,                0.90485,                0.83926,                0.87013,                0.90654,                0.56757,                 1.2334,                0.89284,                 1.0691,               0.039864,              0.0063891,              0.0063891
                      2,                 1.4788,                0.85544,                0.90574,                0.83644,                0.84416,                0.85661,                0.52597,                 1.1446,                0.86757,                 1.0687,              0.0093362,               0.009195,               0.009195
                      3,                 1.3612,                0.77634,                 0.9182,                0.94007,                0.87013,                0.93447,                0.64667,                 1.0145,                0.70948,                0.98593,               0.008812,               0.008812,               0.008812
                      4,                  1.208,                0.65468,                0.89743,                0.93396,                0.92208,                0.93486,                 0.6234,                 1.0556,                0.72471,                 1.0146,               0.008812,               0.008812,               0.008812
